{
    "mse": 0.05486344948816889,
    "rmse": 0.23422948039939143,
    "mae": 0.1660625786187038,
    "r2": 0.29007536468986816,
    "max_error": 0.7487417459487915,
    "mape": 27499842257.400738
}