RMSE,MAE,Precision@K,Recall@K,NDCG@K,model
0.5873683620699068,0.5249163001110007,0.19658119658119655,0.47692307692307695,0.33844810160390104,collaborative
