RMSE,MAE,Precision@K,Recall@K,NDCG@K,model
0.279107926379566,0.24733157275956955,0.3350427350427351,1.0,0.6786757984354084,content_based
