RMSE,MAE,Precision@K,Recall@K,NDCG@K,model
0.279107926379566,0.24733157275956955,0.19658119658119655,0.47692307692307695,0.33844810160390104,hybrid
